Catergory,Question,Answer
greetings,Hi,Hi there!  How can I assist you with wildlife conservation today?
greetings,Good morning,Good morning! Ready to explore the world of wildlife?
greetings,Good evening,Good evening! Curious about animals or conservation topics?
greetings,Howdy,Hey there! Need help with anything related to wildlife?
greetings,Greetings,Greetings! What would you like to learn about wildlife today?
greetings,Hello,Hi there! How can I support your conservation journey today?
greetings,Hey,Hey! Got questions about endangered species or ecosystems?
greetings,Hi,Hello! What would you like to know about protecting wildlife?
greetings,Good morning,Good morning! How can I help you make a difference today?
greetings,Howdy,Howdy! Interested in wildlife facts or volunteering info?
greetings,Greetings,Greetings! I'm here to chat all things conservation.
greetings,Hey there,"Hey there! Curious about animals, habitats, or threats?"
greetings,Hello bot,Hello! I'm  your conservation guide‚ how can I help you?
greetings,Hi wildlife bot,Hi! What would you like to learn about wildlife today?
greetings,What's  up?,"Hey! Just monitoring species status, do you need help?"
greetings,Yo!,Yo! Wanna talk endangered animals or conservation tips?
greetings,"Hey, you",Hey there! What can I help you with?
greetings,"Hi there, bot",Hi! Ask me anything about conservation or wildlife facts.
greetings,"Hello, how are you?","I'm  just digital, but all set to talk about wildlife!"
greetings,"Hi, can you help me?",Absolutely! Ask me anything related to wildlife conservation.
greetings,Good day,Good day! How can I help protect the wild with you today?
greetings,Hi again!,Welcome back! Ready to dive deeper into conservation topics?
greetings,"Hello bot, are you there?",Yes! Always here to support your wildlife questions.
greetings,Hey! Can I ask a question?,Of course! I'm  here to help with all things wild and vital.
volunteering,How can I volunteer to help wildlife?,You can volunteer with organizations like WWF or local parks. Many accept online applications.
volunteering,Where can I sign up to help animals?,Visit websites of conservation groups like Wildlife Conservation Society or your local reserve.
volunteering,Do I need skills to volunteer?,"Some roles need skills, but many just need your time and love for nature."
volunteering,Can students volunteer for wildlife projects?,Yes! Many wildlife programs welcome student volunteers. Some even offer certificates.
volunteering,Are there paid jobs in conservation?,"Yes, you can work as a ranger, researcher, or park manager with proper training."
volunteering,Is it safe to work with wild animals?,"With training and safety gear, it’s safe. Never approach animals on your own."
volunteering,What do wildlife volunteers do?,"Volunteers help clean habitats, collect data, and educate communities."
volunteering,Can I help animals from home?,Yes! You can raise awareness on social media or donate to support efforts.
volunteering,How old do I have to be to volunteer?,"Some programs accept teens, but many ask for adults aged 18+."
volunteering,Can I volunteer abroad to protect wildlife?,"Yes, there are programs in Africa, Asia, and South America. Always check their safety and ethics."
volunteering,Do I need to pay to volunteer?,"Some programs are free, others may charge for food, housing, or training."
volunteering,Are there volunteer roles in national parks?,"Yes! Many parks need guides, cleanup crews, and support staff."
volunteering,What’s citizen science?,It's when regular people help scientists by collecting data on animals and nature.
volunteering,Can kids help protect animals?,"Yes! Kids can join eco-clubs, recycle, and learn to love nature."
volunteering,Where can I find local conservation events?,"Check with schools, libraries, or websites like Eventbrite and Facebook."
laws_policies,What is CITES?,CITES is an international agreement to protect animals from illegal trade.
laws_policies,Are there laws to protect animals?,"Yes, many countries have wildlife protection laws to stop hunting and habitat destruction."
laws_policies,What is a protected species?,"A protected species is one the law says you cannot harm, hunt, or trade."
laws_policies,What’s the penalty for poaching?,"Penalties vary, but can include heavy fines or jail time."
laws_policies,Are animals protected in my country?,Most countries protect wildlife under national law. Check with your local environment agency.
laws_policies,What are national parks?,National parks are areas set aside to protect nature and wildlife.
laws_policies,Can I collect plants from the forest?,"In protected areas, collecting plants is often illegal without a permit."
laws_policies,What’s an environmental policy?,"It’s a plan or law to protect air, water, animals, and land."
laws_policies,Is hunting allowed in reserves?,"In most reserves, hunting is banned. Some may allow it for population control."
laws_policies,Who enforces wildlife laws?,"Park rangers, wildlife officers, and environmental police enforce the laws."
laws_policies,Can I report illegal animal trade?,"Yes, contact your local wildlife authority or use apps like WildScan."
laws_policies,Why do animals need legal protection?,"Laws protect animals from being hunted, sold, or harmed unfairly."
laws_policies,Is deforestation a crime?,"In many places, cutting trees without a permit is illegal."
laws_policies,What is the Wildlife Act?,The Wildlife Act is a law that protects species and their habitats.
laws_policies,Can zoos break animal laws?,"Yes, if they mistreat animals or violate care standards, they can face legal action."
habitat_protection,What is habitat loss?,"Habitat loss is when animals lose their homes due to farming, logging, or building."
habitat_protection,Why are forests important?,"Forests give animals shelter, food, and clean the air we breathe."
habitat_protection,How can we protect oceans?,"We can reduce plastic use, support clean-up efforts, and protect coral reefs."
habitat_protection,What’s a wildlife corridor?,It’s a safe path for animals to move between habitats without danger.
habitat_protection,How are wetlands useful?,"Wetlands help filter water, store floodwaters, and are home to many birds and fish."
habitat_protection,Can trees help animals?,"Yes! Trees give birds, monkeys, and insects homes and food."
habitat_protection,What is reforestation?,Reforestation means planting trees where forests were cut down.
habitat_protection,Why save endangered habitats?,"Without habitats, animals have nowhere to live or find food."
habitat_protection,What is a marine protected area?,It’s an ocean zone where fishing and pollution are restricted to save sea life.
habitat_protection,Can people live near wild animals?,"Yes, with care and education to avoid harming animals or causing conflict."
habitat_protection,What destroys animal homes?,"Cutting trees, building roads, and mining destroy animal homes."
habitat_protection,What is habitat fragmentation?,It’s when large animal areas get broken into small parts by roads or farms.
habitat_protection,Do zoos protect habitats?,Some zoos help by funding habitat conservation and educating people.
habitat_protection,Can cities have wildlife?,"Yes! Birds, squirrels, and insects can live in parks and gardens."
habitat_protection,What’s an ecosystem?,"An ecosystem is a group of animals, plants, and the environment they live in."
wildlife_threats,What is poaching?,Poaching is the illegal hunting or capturing of wild animals.
wildlife_threats,Why is poaching bad?,It reduces animal populations and pushes species toward extinction.
wildlife_threats,What causes habitat loss?,"Farming, logging, and construction are major causes of habitat loss."
wildlife_threats,Is pollution bad for animals?,"Yes, pollution can poison animals and damage their homes."
wildlife_threats,How does climate change hurt animals?,"It changes weather, melts ice, and shifts food sources, making it hard for animals to survive."
wildlife_threats,What is overfishing?,"Overfishing means catching too many fish, leaving none to breed or feed other animals."
wildlife_threats,Do wildfires hurt animals?,"Yes, wildfires destroy habitats and can kill or displace wildlife."
wildlife_threats,Why are bees disappearing?,"Bees are dying due to pesticides, diseases, and loss of flowers."
wildlife_threats,What is animal trafficking?,It's the illegal buying and selling of animals or their parts.
wildlife_threats,Are plastics dangerous to sea life?,"Yes, sea animals can eat or get stuck in plastic, which can kill them."
wildlife_threats,Do animals get sick from pollution?,"Yes, dirty air, water, and soil can make animals sick or weak."
wildlife_threats,What is invasive species?,These are non-native animals or plants that harm local ecosystems.
wildlife_threats,Why are coral reefs dying?,Rising ocean temperatures and pollution cause coral bleaching and death.
wildlife_threats,What happens if animals go extinct?,"It can upset ecosystems, affect food chains, and harm people too."
wildlife_threats,Are oil spills bad for wildlife?,"Yes, oil spills coat animals, making it hard for them to move, breathe, or stay warm."
wildlife_threats,How do roads hurt wildlife?,Roads can cut off habitats and cause car accidents with animals.
wildlife_threats,Can noise pollution affect animals?,"Yes, loud sounds disturb animal communication and migration."
wildlife_threats,What is trophy hunting?,"It’s hunting animals for sport, often taking body parts as souvenirs."
wildlife_threats,Is mining harmful to wildlife?,"Yes, mining destroys land and pollutes water, harming habitats."
wildlife_threats,What is human-wildlife conflict?,It happens when animals and people compete for space or food.
fun_facts,Tell me a fun wildlife fact!,"A group of flamingos is called a ""flamboyance""!"
fun_facts,What’s a cool animal skill?,Octopuses can escape through tiny holes — even bottle openings!
fun_facts,Are there animals that glow?,"Yes, fireflies and some jellyfish glow using bioluminescence."
fun_facts,What’s the fastest land animal?,The cheetah! It can run up to 70 mph (113 km/h).
fun_facts,Do elephants really have good memory?,Yes! Elephants can remember water sources from years ago.
fun_facts,Can animals laugh?,Yes! Rats and dolphins have been shown to make happy sounds.
fun_facts,What’s the largest animal ever?,The blue whale — it’s even bigger than any dinosaur.
fun_facts,Can birds talk?,Some birds like parrots and crows can mimic human speech.
fun_facts,Do animals dream?,"Yes, mammals like dogs and cats show brain activity during sleep like dreams."
fun_facts,What’s a pangolin?,It’s a scaly mammal that eats ants and can curl into a ball.
fun_facts,What animal sleeps the most?,Koalas sleep up to 22 hours a day!
fun_facts,Which animal has the longest migration?,"Arctic terns travel over 44,000 miles yearly between poles."
fun_facts,Are sloths really slow?,"Yes, sloths move less than 1 mile per hour and sleep 15 hours a day!"
fun_facts,What’s the smartest wild animal?,"Chimpanzees are among the smartest, using tools and solving problems."
fun_facts,What’s a unique animal sound?,"Lyrebirds can mimic chainsaws, cameras, and other animals!"
fun_facts,What’s the tiniest mammal?,"The bumblebee bat is one of the smallest mammals, weighing less than a coin."
fun_facts,Can frogs freeze and come back to life?,Yes! Wood frogs freeze in winter and thaw in spring.
fun_facts,Do crocodiles cry?,"Yes, but not from sadness — it helps them clean their eyes."
fun_facts,What animal has no brain?,The jellyfish! It survives using nerve nets instead of a brain.
fun_facts,What’s the loudest animal?,The sperm whale — its clicks can reach over 230 decibels underwater!
technology,How is technology helping wildlife?,"Tech like GPS, drones, and AI helps track and protect animals."
technology,What is a camera trap?,A hidden camera that takes photos of wildlife automatically.
technology,Do rangers use drones?,"Yes, drones help spot animals and catch poachers."
technology,Can AI help animals?,"Yes, AI can detect animal calls, track movements, and stop poaching."
technology,What is satellite tracking?,It's using satellites to follow animal movements from space.
technology,How do sensors help in conservation?,"Sensors can track temperature, sound, and motion to study wildlife."
technology,What is acoustic monitoring?,It records animal sounds to study their behavior or find them.
technology,Can apps help conservation?,Yes! Apps like iNaturalist let people share animal sightings to help science.
technology,What tech tracks ocean animals?,Tags with GPS and sensors are placed on animals like whales or turtles.
technology,How do scientists count animals?,"They use photos, sensors, and even poop samples to estimate populations."
technology,Can thermal cameras find animals?,"Yes, they detect body heat in the dark or through forests."
technology,What is GIS in conservation?,GIS maps habitats and tracks how land use changes over time.
technology,Can kids use conservation tech?,"Yes, many apps and tools are fun and easy to use for learning."
technology,Are robots used in conservation?,"Some robots clean beaches, plant trees, or explore forests."
technology,What is machine learning in wildlife research?,"It helps sort data, recognize animals, and predict behaviors."
technology,Can we use satellites to find poachers?,"Yes, satellites and drones can spot illegal activity in remote areas."
technology,What are wildlife databases?,"Databases store animal info like sightings, health, and threats."
technology,Can video games help conservation?,Some games teach players about animals and nature while they play.
technology,What is eDNA?,"Environmental DNA is found in water, soil, or air and helps find animals without seeing them."
technology,What is a smart collar?,It's a collar with GPS and sensors that tracks animals safely.
organizations,What is WWF?,"WWF is the World Wide Fund for Nature, helping save animals and habitats worldwide."
organizations,What does WCS do?,The Wildlife Conservation Society protects wild places and animals in over 60 countries.
organizations,What is IUCN?,"The IUCN makes the Red List, showing how endangered each species is."
organizations,What is UNEP?,The UN Environment Programme helps protect the environment globally.
organizations,Who runs national parks?,Parks are usually run by governments or local conservation groups.
organizations,What is a wildlife trust?,It's a group that protects local animals and nature through projects and education.
organizations,Can I join a conservation club?,Yes! Many schools and communities have nature or eco clubs.
organizations,What is Earthwatch?,Earthwatch brings scientists and volunteers together for conservation projects.
organizations,What is Conservation International?,They work to protect nature and improve human well-being.
organizations,What is the Jane Goodall Institute?,It helps protect chimpanzees and supports youth in conservation.
organizations,What is TRAFFIC?,TRAFFIC works to stop illegal wildlife trade worldwide.
organizations,What is Friends of Nature?,It’s a global group that encourages eco-tourism and nature education.
organizations,Can I work for a conservation group?,"Yes! Many offer jobs in science, education, or media."
organizations,What is National Geographic Society?,"It supports wildlife research, storytelling, and exploration."
organizations,What is GreenPeace?,"Greenpeace fights for environmental protection, including oceans and forests."
organizations,What’s Panthera?,"Panthera protects wild cats like lions, tigers, and leopards."
organizations,What does Rainforest Alliance do?,They work with farms and forests to protect nature and workers’ rights.
organizations,What is BirdLife International?,They help protect birds and their habitats around the world.
organizations,What is the Nature Conservancy?,They protect lands and waters across many countries.
organizations,What is WildAid?,WildAid works to reduce demand for wildlife products through education.
laws_policies,Are there laws to protect wildlife?,"Yes, many countries have laws to protect wild animals and their habitats."
laws_policies,What is the Endangered Species Act?,It's a U.S. law that protects animals at risk of extinction.
laws_policies,What is CITES?,CITES is a global agreement that limits trade in endangered species.
laws_policies,Can you go to jail for hurting animals?,"In many places, yes — harming protected species can mean jail time."
laws_policies,What is poaching law?,It’s a law that makes illegal hunting or capturing of wildlife a crime.
laws_policies,Do countries have hunting seasons?,"Yes, many set legal seasons to avoid harming animal populations."
laws_policies,Are national parks protected by law?,"Yes, national parks are protected areas where wildlife is preserved."
laws_policies,What are protected species?,These are animals that have legal protection due to low numbers.
laws_policies,What happens if you hurt an endangered animal?,You could face heavy fines or jail depending on local laws.
laws_policies,Are there international wildlife laws?,"Yes, agreements like CITES and the Bonn Convention help protect species worldwide."
laws_policies,Who enforces wildlife protection?,"Rangers, environmental police, and government agencies enforce these laws."
laws_policies,Can I collect wild animal eggs?,"No, taking eggs from endangered species is illegal in most places."
laws_policies,What is wildlife trafficking law?,It's a law that punishes smuggling or selling protected animals.
laws_policies,What is the Wildlife Protection Act?,It's an Indian law created to protect animals and birds from hunting.
laws_policies,What is a conservation law?,"It's any law that helps protect nature, animals, and ecosystems."
laws_policies,Is killing a tiger illegal?,"Yes, tigers are endangered and protected by international and national laws."
laws_policies,Can people cut down forest trees freely?,"No, there are often laws to protect forests from over-cutting."
laws_policies,What is habitat protection law?,"It protects places animals need to live, breed, and find food."
laws_policies,Are zoos regulated by laws?,"Yes, good zoos follow rules for animal care, space, and safety."
laws_policies,Are pet laws part of conservation?,"Yes, some pets are wild species and owning them may be illegal."
habitat_protection,What is a wildlife habitat?,"It's the natural home of an animal where it eats, sleeps, and breeds."
habitat_protection,How do forests help animals?,"Forests give shelter, food, and breeding spaces to many species."
habitat_protection,What is reforestation?,It’s planting trees to bring back forests and animal homes.
habitat_protection,Why protect wetlands?,"Wetlands clean water and provide homes to fish, birds, and frogs."
habitat_protection,What is coral reef protection?,It involves stopping pollution and overfishing near reefs.
habitat_protection,Do deserts have wildlife?,"Yes! Many species like camels, lizards, and owls live in deserts."
habitat_protection,Can cities protect wildlife?,"Yes, through green parks, tree planting, and safe corridors."
habitat_protection,What is a wildlife corridor?,It’s a safe path that connects animal habitats through human areas.
habitat_protection,Can farms support habitats?,"Yes! Farms with hedges, ponds, and trees can help wildlife."
habitat_protection,Why is saving rainforests important?,Rainforests hold more than half the world’s species.
habitat_protection,What is marine habitat conservation?,It means protecting ocean life through safe zones and clean water.
habitat_protection,Are caves habitats?,"Yes, caves are homes to bats, insects, and blind fish."
habitat_protection,What is a nature reserve?,It’s a protected area set aside for wildlife and plants.
habitat_protection,How can I protect animal homes?,"Don’t litter, plant trees, and support eco-friendly practices."
habitat_protection,Can animals live in mountains?,"Yes, animals like snow leopards and goats thrive in high altitudes."
habitat_protection,What is habitat restoration?,It means fixing damaged places so animals can return.
habitat_protection,Do oceans have habitats?,"Yes, coral reefs, kelp forests, and the deep sea are all marine habitats."
habitat_protection,What happens if habitats are destroyed?,"Animals lose shelter, food, and may go extinct."
habitat_protection,Why protect animal homes?,Every species plays a role in keeping nature balanced.
habitat_protection,Can kids help protect habitats?,"Yes! You can recycle, plant trees, and join clean-up events."
volunteering,How can I help save animals?,"You can volunteer, donate, or educate others about conservation."
volunteering,Can students join wildlife projects?,"Yes, many programs welcome student volunteers and interns."
volunteering,What do wildlife volunteers do?,"They help care for animals, restore habitats, or assist in research."
volunteering,Are there online volunteer opportunities?,"Yes! You can help with data entry, translation, or outreach from home."
volunteering,Can kids volunteer to help animals?,"Yes, with adult supervision, kids can join nature clubs or cleanups."
volunteering,Where can I find wildlife volunteering projects?,"Try local zoos, parks, or websites like WWF, Earthwatch, or VolunteerWorld."
volunteering,Can I volunteer in Africa to help animals?,"Yes, many wildlife reserves and NGOs offer programs for tourists and students."
volunteering,What skills do I need to volunteer?,"A love for animals, teamwork, and willingness to learn are enough for many roles."
volunteering,Do I need training to be a volunteer?,"Some roles need training, but many offer training once you start."
volunteering,Can I volunteer on weekends?,Yes! Many local projects welcome weekend help.
volunteering,Do I have to travel to volunteer?,Not always. Local or virtual options are available too.
volunteering,Can families volunteer together?,Yes! Some programs are family-friendly and fun for all ages.
volunteering,Do I need to pay to volunteer?,"Some programs are free, but others charge fees for food, stay, and training."
volunteering,Can I help rescue animals?,Trained volunteers may assist in rescues or wildlife care centers.
volunteering,Can volunteering lead to a job?,"Yes, experience and connections from volunteering can open career doors."
volunteering,What is citizen science?,It’s when the public helps collect or analyze wildlife data for scientists.
volunteering,Can teens help with conservation?,"Absolutely! Teens can join eco-clubs, campaigns, or wildlife walks."
volunteering,What can schools do to help wildlife?,"Schools can host talks, clean-ups, or raise money for conservation."
volunteering,Can I adopt an animal?,Many charities let you symbolically adopt animals to fund their protection.
volunteering,What is a wildlife ambassador?,It’s someone who spreads awareness and educates others about nature.
animal_behavior,Why do birds migrate?,"Birds migrate to find food, better weather, and safe nesting places."
animal_behavior,Why do lions roar?,Roaring helps lions warn others or call their pride.
animal_behavior,How do dolphins communicate?,"Dolphins use whistles, clicks, and body movements to talk."
animal_behavior,What is hibernation?,It's when animals sleep for a long time during winter to save energy.
animal_behavior,Why do zebras have stripes?,Stripes help confuse predators and keep bugs away.
animal_behavior,What is animal camouflage?,Camouflage helps animals hide by blending with their environment.
animal_behavior,Do elephants really grieve?,"Yes, elephants mourn lost family members and show sadness."
animal_behavior,How do animals mark territory?,"Some use scent, sounds, or markings to claim space."
animal_behavior,Why do monkeys groom each other?,Grooming keeps them clean and builds social bonds.
animal_behavior,What is migration?,"It’s when animals move from one place to another, often with seasons."
animal_behavior,Why do wolves howl?,They howl to locate pack members or warn other packs.
animal_behavior,How do bees find flowers?,"Bees use color, scent, and dances to find and share flower info."
animal_behavior,What is mimicry in animals?,It's when animals look like something else to trick predators.
animal_behavior,Do animals play?,"Yes, many animals play to learn skills and build social bonds."
animal_behavior,Why do bats hang upside down?,"Their feet grip better that way, and it helps them launch into flight."
animal_behavior,How do animals avoid predators?,"They hide, run, use camouflage, or pretend to be dangerous."
animal_behavior,What is a herd?,"A herd is a group of animals like elephants, deer, or buffalo that travel together."
animal_behavior,Why do turtles return to the same beach?,Turtles use Earth’s magnetic field to find the beach where they were born.
animal_behavior,Why do owls hoot?,Hoots help owls mark territory or call mates.
animal_behavior,How do animals raise babies?,"Parents feed, protect, and teach their young how to survive."
education,How can I learn more about wildlife?,"You can read books, watch documentaries, or visit nature centers."
education,Are there good websites about animals?,"Yes, try National Geographic, WWF, or the Smithsonian site."
education,What are some easy wildlife facts for kids?,Kids can learn that elephants never forget and bees communicate by dancing.
education,Can schools teach about conservation?,"Yes, many schools include environmental topics in their lessons."
education,What careers work with animals?,"You can be a biologist, vet, park ranger, or wildlife photographer."
education,Are there free online courses about animals?,"Yes, platforms like Coursera and Khan Academy offer free courses."
education,How do I start a wildlife project at school?,"Start with research, then plan activities like tree planting or clean-ups."
education,Can I get a scholarship for studying wildlife?,"Yes, many universities offer scholarships for environmental studies."
education,What books are good for learning about animals?,“The Hidden Life of Trees” and “Animal Behavior” are great starts.
education,How can I teach kids about endangered species?,"Use stories, pictures, and videos to make it fun and understandable."
education,What is citizen science?,It’s when regular people help scientists by collecting data.
education,Can I learn from wildlife experts?,"Yes, many experts share talks, blogs, or videos online."
education,How do I prepare for a wildlife internship?,"Get good grades, volunteer, and learn about local animals first."
education,Are there wildlife clubs for students?,"Yes, many schools and communities have clubs for young nature lovers."
education,What is environmental education?,Teaching people about nature and how to protect it.
education,How can teachers include wildlife in lessons?,"Use hands-on activities, field trips, and multimedia."
education,Why is learning about ecosystems important?,It helps us understand how animals and plants depend on each other.
education,Can I learn about animals from my phone?,"Yes, apps like iNaturalist help you identify plants and animals nearby."
education,What are good topics for a wildlife essay?,"Habitat loss, endangered animals, and climate change are popular topics."
education,How do I find a mentor in conservation?,Look for local NGOs or university programs with volunteer opportunities.
eco_friendly_activities,How can I help animals at home?,"You can plant native flowers, avoid pesticides, and provide bird feeders."
eco_friendly_activities,What is recycling?,Recycling means turning old materials into new products to reduce waste.
eco_friendly_activities,Can I compost at home?,Yes! Composting food scraps makes rich soil for plants.
eco_friendly_activities,How does saving water help wildlife?,Less water use means more clean water in rivers and lakes for animals.
eco_friendly_activities,What is a zero-waste lifestyle?,It means using less plastic and throwing away as little as possible.
eco_friendly_activities,Can I use solar power to help nature?,"Yes, solar energy reduces pollution from fossil fuels."
eco_friendly_activities,What are biodegradable products?,Products that break down naturally without harming the environment.
eco_friendly_activities,How can kids help the environment?,"They can recycle, plant trees, and learn about nature."
eco_friendly_activities,Why avoid plastic bags?,Plastic harms animals and can take hundreds of years to decompose.
eco_friendly_activities,How can I make my garden eco-friendly?,"Use native plants, avoid chemicals, and create habitats for pollinators."
eco_friendly_activities,What is sustainable living?,Living in a way that protects the environment for the future.
eco_friendly_activities,How to reduce carbon footprint?,"Walk more, use public transport, and save energy at home."
eco_friendly_activities,Can biking help wildlife?,"Yes, biking reduces pollution and roadkill compared to cars."
eco_friendly_activities,What are wildlife-friendly products?,Products made without harming animals or their habitats.
eco_friendly_activities,How to avoid littering?,Always dispose of trash properly and recycle when possible.
eco_friendly_activities,Can using reusable bottles help?,"Yes, it cuts down on plastic waste and pollution."
eco_friendly_activities,What is an eco-brick?,A plastic bottle stuffed with non-recyclable waste used for building.
eco_friendly_activities,How to create a bird-friendly yard?,"Provide food, water, and safe nesting spots without pesticides."
eco_friendly_activities,What is the 3Rs rule?,"Reduce, Reuse, and Recycle to minimize waste."
eco_friendly_activities,Can volunteering help the environment?,Absolutely! Hands-on help restores habitats and supports wildlife.
myths_facts,Are bats blind?,"No, bats can see but use echolocation to navigate in the dark."
myths_facts,Do owls turn their heads all the way around?,"Owls can turn their heads about 270 degrees, not full circle."
myths_facts,Are snakes slimy?,"No, snakes have dry, smooth scales, not slimy skin."
myths_facts,Do elephants never forget?,Elephants have excellent memories and recognize friends and places.
myths_facts,Can you tell a crocodile’s age?,"Scientists estimate age by size and tooth wear, but it's not exact."
myths_facts,Is it true that porcupines can shoot quills?,"No, porcupines cannot shoot their quills; they detach when touched."
myths_facts,Are sharks dangerous to humans?,Most sharks are harmless and avoid people; only a few species bite.
myths_facts,Do camels store water in their humps?,"No, their humps store fat, not water."
myths_facts,Is the Komodo dragon venomous?,"Yes, Komodo dragons have venom that helps subdue prey."
myths_facts,Do dolphins sleep with one eye open?,"Yes, to stay alert to danger while resting."
myths_facts,Are penguins only found in cold places?,"Mostly yes, but some live in temperate zones too."
myths_facts,Can turtles breathe through their butts?,Some species can absorb oxygen through their cloaca underwater.
myths_facts,Do spiders have eight eyes?,"Most spiders have eight eyes, but some have fewer."
myths_facts,Can owls see in complete darkness?,Owls see very well in low light but not total darkness.
myths_facts,Are leopards and cheetahs the same?,"No, leopards are stronger and live in forests; cheetahs are faster and live in open plains."
myths_facts,Do all frogs croak?,Not all frogs croak; some make other sounds or are silent.
myths_facts,Can animals predict earthquakes?,Some animals may sense vibrations or changes before earthquakes.
myths_facts,Do giraffes sleep standing up?,"Yes, giraffes often sleep standing but sometimes lie down briefly."
myths_facts,Is the platypus a mammal or bird?,"It's a mammal that lays eggs, a very rare trait."
myths_facts,Are wolves aggressive toward humans?,Wolves usually avoid humans and are rarely dangerous.
emergencies,What to do if I find an injured animal?,Call a wildlife rescue or vet; don’t try to care for it yourself.
emergencies,Who do I contact about a sick animal?,Contact local animal control or wildlife rehabilitation centers.
emergencies,How to report poaching?,Call local authorities or wildlife protection agencies immediately.
emergencies,What if I see an oil spill affecting animals?,Report to environmental agencies and avoid the area.
emergencies,How to help animals in a forest fire?,Alert fire services; do not enter the fire zone yourself.
emergencies,Can I give water to a thirsty wild animal?,Only if safe and with advice from a professional.
emergencies,What to do if a wild animal enters my home?,Stay calm and contact animal control for safe removal.
emergencies,How to avoid snake bites?,"Watch where you step, wear boots, and avoid tall grass."
emergencies,What is the emergency number for wildlife help?,It varies by country; check local wildlife agency contacts.
emergencies,How to handle a bear encounter?,"Stay calm, back away slowly, and don’t run or scream."
emergencies,What to do in case of an animal attack?,"Protect your head, fight back if needed, and seek medical help."
emergencies,Can I help during a flood affecting animals?,Help only if trained; otherwise report to authorities.
emergencies,How to treat minor animal bites?,"Clean with soap and water, then see a doctor if needed."
emergencies,What to do if I find an orphaned baby animal?,Contact wildlife rehab centers; do not feed or touch it.
emergencies,How to prevent wildlife road accidents?,Drive carefully in wildlife areas and watch for animal crossing signs.
emergencies,What should I carry in a wildlife first aid kit?,"Bandages, antiseptic, gloves, and emergency contacts."
emergencies,Can wild animals carry diseases?,"Yes, some can carry diseases transmittable to humans."
emergencies,How to stay safe in wildlife parks?,"Follow park rules, keep distance, and never feed animals."
emergencies,What to do if a tree falls on an animal?,Report to local wildlife services for rescue help.
emergencies,Can I rescue animals after a storm?,Only trained professionals should attempt rescues.
climate_change,How does climate change affect animals?,"It changes their habitats, food availability, and migration patterns."
climate_change,What is global warming?,It’s the rise of Earth’s average temperature due to greenhouse gases.
climate_change,Can animals adapt to climate change?,"Some can adapt, but many face survival challenges."
climate_change,How does melting ice affect polar bears?,It reduces their hunting grounds and forces them to swim longer.
climate_change,What is carbon footprint?,The total greenhouse gases caused directly or indirectly by a person or group.
climate_change,How do forests help fight climate change?,They absorb carbon dioxide and provide oxygen.
climate_change,What is deforestation?,"Cutting down trees, which harms wildlife and increases carbon levels."
climate_change,Can climate change cause species extinction?,"Yes, it threatens many species by destroying their habitats."
climate_change,How can I reduce my carbon footprint?,"Use less energy, recycle, and support clean energy sources."
climate_change,What are greenhouse gases?,Gases like CO2 that trap heat in the atmosphere.
climate_change,Does climate change cause extreme weather?,"Yes, it increases storms, droughts, and floods."
climate_change,How do oceans suffer from climate change?,"They warm up, become acidic, and coral reefs die."
climate_change,What is climate action?,Efforts to reduce climate change effects and protect nature.
climate_change,Can planting trees help climate change?,"Yes, trees absorb CO2 and improve air quality."
climate_change,What is renewable energy?,Energy from natural sources like sun and wind that don’t pollute.
climate_change,How do animals respond to climate change?,"They may migrate, change behaviors, or face population drops."
climate_change,What is the Paris Agreement?,A global deal to limit warming and reduce emissions.
climate_change,Are humans responsible for climate change?,"Yes, mainly due to burning fossil fuels and deforestation."
climate_change,Can education help fight climate change?,"Yes, awareness helps people take better care of the planet."
climate_change,What is sustainable development?,Growth that meets today’s needs without harming future generations.